key,Portuguese,English
title_screen/play,Jogar,Play
title_screen/credits,Créditos,Credits
title_screen/quit,Sair,Quit
customization/reset,Redefinir,Reset
customization/play,JOGAR!,PLAY!
customization/title,Customizar personagem:,Customize character:
customization/use_webcam,Usar imagem da webcam,Use webcam image
customization/search,Buscar,Search
customization/tutorial,Mostrar tutorial,Show tutorial
customization/soon,Em breve: mais opções de customização,Soon: new customization options
person_card/equipment,Equipamento,Equipment
person_card/observe,Observar,Observe
person_card/date,Encontro,Date
inventory/title,Inventário,Inventory
inventory/buy,Loja - Comprar,Shop - Buy
inventory/sell,Loja - Vender,Shop - Sell
inventory/equip,Escolha item para equipar:,Choose item to equip:
inventory/gift,Escolha item para entregar:,Choose item to give:
inventory/you_have,Você tem:,You have:
inventory/empty,Nenhum item disponível,No item available
ui/day,Dia,Day
ui/energy,Energia:,Energy:
gameplay/title_1,"<sprite=""daytimes"" index=0 tint> Manhã <sprite=""daytimes"" index=0 tint>\n<size=46px>Escolha sua ação","<sprite=""daytimes"" index=0 tint> Morning <sprite=""daytimes"" index=0 tint>\n<size=46px>Choose your action"
gameplay/title_2,"<sprite=""daytimes"" index=1 tint> Tarde <sprite=""daytimes"" index=1 tint>\n<size=46px>Escolha sua ação","<sprite=""daytimes"" index=1 tint> Afternoon <sprite=""daytimes"" index=1 tint>\n<size=46px>Choose your action"
gameplay/title_3,"<sprite=""daytimes"" index=2 tint> Noite <sprite=""daytimes"" index=2 tint>\n<size=46px>Escolha sua ação","<sprite=""daytimes"" index=2 tint> Evening <sprite=""daytimes"" index=2 tint>\n<size=46px>Choose your action"
gameplay/part_time_job,Fazer bico,Part-time job
gameplay/store,Loja,Shop
gameplay/rest,Descansar,Rest
observation/empty,Nenhuma pessoa disponível.,No person available.
observation/cancel_button,Parar Observação,Stop Observation
couples_panel/empty,Nenhum casal disponível.,No available couple.
engagement/congrats,Parabéns!,Congratulations!
engagement/description,Novo casal formado!,New couple created!
char_name/fertiliel,Fertiliel,Fertiliel
char_name/boy,\boy,\boy
char_name/girl,\girl,\girl
char_name/couple,\boy e \girl,\boy and \girl
char_name/none,,
char_name/npc_boy_0,Alberto,Albert
char_name/npc_boy_1,Jorge,George
char_name/npc_boy_2,Daniel,Daniel
char_name/npc_boy_3,Nando,Peter
char_name/npc_boy_4,Pedro,Charlie
char_name/npc_boy_5,Gustavo,Joe
char_name/npc_boy_6,Humberto,Robert
char_name/npc_boy_7,Jonas,Oliver
char_name/npc_boy_8,Luan,Harry
char_name/npc_boy_9,Renan,Jacob
char_name/npc_girl_0,Amanda,Chloe
char_name/npc_girl_1,Bianca,Olivia
char_name/npc_girl_2,Carla,Emily
char_name/npc_girl_3,Mariana,Amelia
char_name/npc_girl_4,Fernanda,Sophia
char_name/npc_girl_5,Gabriela,Lily
char_name/npc_girl_6,Priscila,Charlotte
char_name/npc_girl_7,Larissa,Jade
char_name/npc_girl_8,Jade,Mia
char_name/npc_girl_9,Valentina,Ruby
random_taste/taste_0,comer muito feijão,eating lots of beans
random_taste/taste_1,praticar ocultismo,practicing occultism
random_taste/taste_2,assistir tokusatsu,watching tokusatsu
random_taste/taste_3,acampar,camping
random_taste/taste_4,o sentido da vida,the meaning of life
random_taste/taste_5,hackear,hacking
random_taste/taste_6,pescaria,fishing
random_taste/taste_7,observar pássaros,bird watching
random_taste/taste_8,arquitetura,architecture
random_taste/taste_9,fazer tricô,knitting
random_taste/taste_10,artesanato,handicraft
random_taste/taste_11,andar a cavalo,horseback riding
random_taste/taste_12,rezar,praying
random_taste/taste_13,meditação,meditation
random_taste/taste_14,memes,memes
random_taste/taste_15,enfrentar ninjas,fighting ninjas
random_taste/taste_16,yaoi,yaoi
random_taste/taste_17,waifus,waifus
random_taste/taste_18,caridade,charity
random_taste/taste_19,relacionamentos,relationships
attribute/guts,<color=#A80218>Valentia</color>,<color=#A80218>Guts</color>
attribute/intelligence,<color=#248ACE>Inteligência</color>,<color=#248ACE>Intelligence</color>
attribute/charisma,<color=#C27A34>Carisma</color>,<color=#C27A34>Charisma</color>
choices/yes,Sim,Yes
choices/no,Não,No
choices/cancel,Cancelar,Cancel
location/park,Parque,Park
location/shopping,Shopping,Mall
item/give/message,\boy entrega <color=yellow>\vsn[item_name]</color> para \girl.,\boy gives \girl a <color=yellow>\vsn[item_name]</color>.
item/name/sports_clothes,Roupas Esportivas,Fitness Clothing
item/description/sports_clothes,Um conjunto de roupas ideal para se exercitar.,
item/name/dark_dress,Vestido Preto,Black Dress
item/description/dark_dress,Um vestido preto bem gótico.,
item/name/flower_dress,Vestido Florido,Floral Dress
item/description/flower_dress,Um bonito vestido florido.,
item/name/teddy_bear,Ursinho de Pelúcia,Teddy Bear
item/description/teddy_bear,Um ursinho de pelúcia muito fofo.,
item/name/old_teddy_bear,Ursinho Antigo,Old Teddy Bear
item/description/old_teddy_bear,"Um ursinho de pelúcia antigo, com um olho faltando e retalhos pelo corpo.",
item/name/delicate_key,Chave Delicada,Delicate Key
item/description/delicate_key,Uma chave usada para abrir algum cadeado delicado.,
item/name/book_draft,Rascunhos do Livro,Book Drafts
item/description/book_draft,Rascunhos do último livro da série Poço da Perdição.,
item/name/script_drafts,Rascunhos de Roteiro,Script Drafts
item/description/script_drafts,Rascunhos de uma história de terror escritos à mão.,
item/name/fancy_dagger,Adaga Adornada,Fancy Dagger
item/description/fancy_dagger,Uma adaga pontuda e bem adornada.,
item/name/chocolate_cake,Bolo de Chocolate,Chocolate Cake
item/description/chocolate_cake,Bolo muito saboroso sabor chocolate.,
item/name/strawberry_cake,Bolo de Morango,Strawberry Cake
item/description/strawberry_cake,Bolo muito saboroso sabor morango.,
item/name/pepper_cake,Bolo de Pimenta,Pepper Cake
item/description/pepper_cake,Bolo muito exótico sabor pimenta.,
item/name/cake_batter,Massa de Bolo,Cake Batter
item/description/cake_batter,Utilize durante a noite para fazer um bolo.,
status_condition/name/encouraged,Encorajado,Encouraged
status_condition/name/focused,Focado,Focused
status_condition/name/inspired,Inspirado,Inspired
status_condition/name/blessed,Abençoado,Blessed
status_condition/name/bleeding,Sangrando,Bleeding
status_condition/name/sad,Triste,Sad
status_condition/name/unclothed,Despido,Unclothed
status_condition/name/cursed,Amaldiçoado,Cursed
add_heart/say_0,<color=yellow>\couple tornaram-se mais próximos!</color>,<color=yellow>\couple became closer to each other!</color>
add_heart/say_1,<color=yellow>\couple tornaram-se muito mais próximos!</color>,<color=yellow>\couple became much closer to each other!</color>
check_end_game/say_0,"Olha só, o nosso tempo acabou!","Look, our time is up!"
check_end_game/say_1,"Olha só, parece que você já cumpriu sua missão!","Look, it seems like you've already accomplished your mission!"
check_end_game/say_2,"Com suas forças recuperadas, você começa um novo dia para juntar casais!","Having your strength restored, you start a new day to form couples!"
check_end_game/say_3,Vamos ver quão bem você foi na sua missão...,Let's see if you did well on your mission...
check_end_game/say_4,Você conseguiu reunir \progress casal dentro de \day dias.,You managed to form \progress couple within \day days.
check_end_game/say_5,Parabéns! Você completou a missão com sucesso!,Congratulations! You have successfully completed the mission!
check_end_game/say_6,Que tal curtir o Facebook e Twitter da Supernova Games para ficar de olho nas atualizações do jogo?,How about joining Supernova Games on Facebook and Twitter to keep an eye on game updates?
check_end_game/say_7,Obrigada por jogar o jogo e me ajudar na missão!,Thanks for playing the game and help me on the mission!
check_end_game/say_8,"Que pena, parece que você não conseguiu completar a missão...","Too bad, it looks like you could not accomplish the mission..."
check_end_game/say_9,Você poderia tentar novamente. Boa sorte na próxima tentativa!,You could try again. Good luck on the next attempt!
date/say_0,\couple decidem sair para se divertir.,\couple decide to go out to have fun.
date/say_1,Qual atitude \boy deve tomar?,What attitude should \boy take?
date/say_2,Qual atitude \girl deve tomar?,What attitude should \girl take?
date/say_3,Qual atitude \couple devem tomar?,What attitude should \couple take?
date/choices_0_0,"<color=#B27535><sprite=""Attributes"" index=0 tint>Valentia \guts</color>","<color=#B27535><sprite=""Attributes"" index=0 tint>Guts \guts</color>"
date/choices_0_1,"<color=#248BCF><sprite=""Attributes"" index=1 tint>Inteligência \intelligence</color> (-1AP)","<color=#248BCF><sprite=""Attributes"" index=1 tint>Intelligence \intelligence</color> (-1AP)"
date/choices_0_2,"<color=#A80218><sprite=""Attributes"" index=2 tint>Carisma \charisma</color> (-1AP)","<color=#A80218><sprite=""Attributes"" index=2 tint>Charisma \charisma</color> (-1AP)"
date/choices_1_0,"<color=#B27535><sprite=""Attributes"" index=0 tint>Valentia \guts</color> (-1AP)","<color=#B27535><sprite=""Attributes"" index=0 tint>Guts \guts</color> (-1AP)"
date/choices_1_1,"<color=#248BCF><sprite=""Attributes"" index=1 tint>Inteligência \intelligence</color>","<color=#248BCF><sprite=""Attributes"" index=1 tint>Intelligence \intelligence</color>"
date/choices_1_2,"<color=#A80218><sprite=""Attributes"" index=2 tint>Carisma \charisma</color> (-1AP)","<color=#A80218><sprite=""Attributes"" index=2 tint>Charisma \charisma</color> (-1AP)"
date/choices_2_0,"<color=#B27535><sprite=""Attributes"" index=0 tint>Valentia \guts</color> (-1AP)","<color=#B27535><sprite=""Attributes"" index=0 tint>Guts \guts</color> (-1AP)"
date/choices_2_1,"<color=#248BCF><sprite=""Attributes"" index=1 tint>Inteligência \intelligence</color> (-1AP)","<color=#248BCF><sprite=""Attributes"" index=1 tint>Intelligence \intelligence</color> (-1AP)"
date/choices_2_2,"<color=#A80218><sprite=""Attributes"" index=2 tint>Carisma \charisma</color>","<color=#A80218><sprite=""Attributes"" index=2 tint>Charisma \charisma</color>"
date/say_4,"O encontro acabou, e foi um <color=green>grande sucesso</color>!","The meeting is over, and it was a <color=green>great success</color>!"
date/say_5,"\couple se tornaram um casal inseparável, e você sabe que eles terão muitos filhos no futuro!","\couple have become an inseparable couple, and you know they will have many children in the future!"
date/say_6,"O encontro acabou, e foi um <color=red>fracasso</color>!","The meeting is over, and it was a <color=red>failure</color>!"
ending/say_0,Seja bem-vindo ao Cupid Game - Dungeon Crawler. Este é um de 3 protótipos criados para estudar e testar mecânicas para um projeto comercial.,Welcome to Cupid Game - Dungeon Crawler. This is one of 3 prototypes created to study and test mechanics for a commercial project.
ending/say_1,Nós da Supernova Games agradecemos muito se puder jogar os outros protótipos e nos contar seu feedback sobre eles.,We at Supernova Games will be very grateful if you play the other prototypes and give us your feedback on them.
not_enough_ap/say_0,Você não tem AP suficiente para fazer esta ação.,You do not have enough AP to do this action.
observation/say_0,Você encontrou \encounterPerson pela primeira vez!,You met \encounterPerson for the first time!
observation/say_1,"Depois disso, \observedPerson foi descansar. Você parou de acompanhar seu dia.","After that, \observedPerson went to rest. You have stopped keeping track of his day."
observation/say_2,"Depois disso, \observedPerson foi descansar. Você parou de acompanhar seu dia.","After that, \observedPerson went to rest. You have stopped keeping track of her day."
observation_clicked_far/say_0,Esta casa está longe demais de \observedPerson.,This tile is way too far from \observedPerson.
observation_clicked_used/say_0,Este evento já foi utilizado.,This event has already been used.
observation_end/say_0,Você decidiu desistir de acompanhar \observedPerson em seu dia.,You've decided to give up keeping track of \observedPerson on his day.
observation_end/say_1,Você decidiu desistir de acompanhar \observedPerson em seu dia.,You've decided to give up keeping track of \observedPerson on her day.
observation_intro/say_0,Você decide acompanhar \observedPerson no seu dia-a-dia.,You decide to accompany \observedPerson in his day-to-day life.
observation_intro/say_1,Você decide acompanhar \observedPerson no seu dia-a-dia.,You decide to accompany \observedPerson in her day-to-day life.
observation_person_in_trouble/choices_0_0,Ajudar,Help
observation_person_in_trouble/choices_0_1,Ignorar,Ignore
observation_person_in_trouble/say_0,\observedPerson e \encounterPerson conversam durante bastante tempo sobre \favoriteMatter1 e \favoriteMatter2 e percebem que têm muita coisa em comum.,"\observedPerson and \encounterPerson talk for a long time about \favoriteMatter1 and \favoriteMatter2, and realize they have a lot in common."
observation_person_in_trouble/say_1,Eles trocam telefones e concordam que seria legal saírem para um Encontro algum dia.,They exchange phone numbers and agree it would be nice to go out for a Date someday.
observation_person_in_trouble/say_2,\observedPerson olha para a situação e simplesmente decide não fazer nada a respeito.,\observedPerson looks at the situation and simply decides to do nothing about it.
part_time_job/say_0,Você pode gastar energia trabalhando para ganhar dinheiro. Quanto AP você quer gastar?,You can spend energy working to make money. How much AP do you want to spend?
part_time_job/choices_0_0,Gastar 2 AP -> $60,Spend 2 AP -> $60
part_time_job/choices_0_1,Gastar 3 AP -> $120,Spend 3 AP -> $120
part_time_job/say_1,"Você trabalhou bastante e ganhou <sprite=""Attributes"" index=4>\vsn[gain]!",You worked hard and won \vsn[gain] Heavenly Money!
shop/say_0,Bem-vindo à loja!,Welcome to the shop!
shop/choices_0_0,Comprar,Purchase
shop/choices_0_1,Vender,Sell
shop/say_1,"Você quer comprar <color=yellow>\vsn[item_name]</color> por <sprite=""Attributes"" index=4><color=yellow>\vsn[item_price]</color>?",Do you want to buy \vsn[item_name] for \vsn[item_price]?
shop/say_2,"Me desculpe, parece que você não tem dinheiro o suficiente para comprar este item.","I'm sorry, it looks like you do not have enough money to buy this item."
shop/say_3,Você não tem nenhum item para vender.,You have no items to sell.
shop/say_4,"Você quer vender <color=yellow>\vsn[item_name]</color> por <sprite=""Attributes"" index=4><color=yellow>\vsn[item_price]</color>?",Do you want to sell \vsn [item_name] for \vsn[item_price]?
shop/say_5,Você adquiriu <color=yellow>\vsn[item_name]</color>!,You purchased \vsn[item_name]!
shop/say_6,Obrigado!,Thank you!
spend_day/say_0,Você foi dormir e descansar para o próximo dia.,You went to sleep and rest for the next day.
spend_day/say_1,Você descansou um pouco até de tarde.,You rested a little until afternoon.
tutorial_choose_date/say_0,Durante a <color=yellow>Tarde</color> você pode influenciar um casal de humanos que já se conhece e se gosta para ir a um <color=yellow>Encontro</color>.,During the <color=yellow>Afternoon</color> you can influence a couple of humans who already know and like each other to go on a <color=yellow>Date</color>.
tutorial_choose_date/say_1,Parece que você não tem nenhum casal disponível no momento...,It looks like you do not have any couples available at the moment...
tutorial_choose_date/say_2,Neste caso seria bom você procurar pessoas para paquerar na manhã do próximo dia.,"In this case, you should look for people to flirt tomorrow in the morning."
tutorial_choose_date/say_3,"Clique em ""Descansar"" para passar o dia.","Click ""Rest"" to go to the next day."
tutorial_choose_date/say_4,"Ótimo, você tem casais nesta situação! Agora é só escolher qual deles você quer que vá para o Encontro.","Great, you have couples in this situation! Now just choose which one you want to go to the Date."
tutorial_choose_date/say_5,"Ótimo, você tem um casal nesta situação!","Great, you have a couple in this situation!"
tutorial_choose_date/say_6,"Para começar o <color=yellow>Encontro</color>, basta clicar no botão Encontro do casal que você quer unir.","To start the <color=yellow>Date</color>, simply click the Date button for the couple you want to bring together."
tutorial_date/say_0,Agora é a hora da verdade! Para juntar este casal ele precisa vencer os desafios deste <color=yellow>Encontro</color>.,"Now is the moment of truth! To bring this couple together, they must overcome the challenges of this <color=yellow>Date</color>."
tutorial_date/say_1,"Cada Encontro consiste em 7 desafios, e o seu casal precisa <color=yellow>superar pelo menos 5</color> deles. As bolinhas ali em cima mostram seus resultados.","Each Date consists of 7 challenges, and your couple needs to <color=yellow>overcome at least 5</color> of them. The dots up there show your results."
tutorial_date/say_2,Vamos ao primeiro desafio:,Let's see the first challenge:
tutorial_date2/say_0,"Certos desafios devem ser solucionados pelo garoto, outros pela garota, vai depender da situação.","Some challenges must be solved by the boy, others by the girl. It will depend on the situation."
tutorial_date2/say_1,Este é um desafio que o garoto deve resolver. Preste atenção nos atributos dele:,This is a challenge the boy must solve. Pay attention to his attributes:
tutorial_date2/say_2,Este é um desafio que a garota deve resolver. Preste atenção nos atributos dela:,This is a challenge the girl must solve. Pay attention to her attributes:
tutorial_date2/say_3,"Há uma estrelinha do lado do atributo \vsn[attr]. Isso quer dizer que ele é o atributo preferido da pessoa, e que ela sempre tentará utilizá-lo sua para resolver as situações.","There is a little star on the side of the \vsn[attr] attribute. This means that it is the person's favorite attribute, and that they will always try to use it to solve situations."
tutorial_date2/say_4,"Você pode deixar a pessoa utilizar seu atributo preferido ou sugestioná-la para utilizar outro atributo na situação, mas isso consome seu <color=yellow>AP</color>.","You can either let the person use their favorite attribute or suggest that they use another attribute in the situation, but this consumes your <color=yellow>AP</color>."
tutorial_date2/say_5,"Os desafios podem ser resolvidos com <color=yellow>qualquer um dos atributos</color>, mas a <color=yellow>eficácia do atributo</color> utilizado varia de desafio para desafio.","Challenges can be solved with <color=yellow>any attribute</color> , but the <color=yellow>effectiveness of the attribute</color> used varies according to each challenge."
tutorial_date2/say_6,"Portanto, ajude seus humanos a tomar sempre a atitude que pareça mais certa para a situação!",So help your humans taking the attitude that seems right for the situation!
tutorial_intro/say_0,"Seja bem-vindo ao Fertiliel - Simulador de Cupido. Como um companheiro cupido, o seu objetivo é juntar casais.","Welcome to Fertiliel - Cupid Simulator. As a fellow cupid, your goal is to bring couples together."
tutorial_intro/say_1,Para juntar um casal ele precisa ter um <color=yellow>Encontro</color> bem sucedido.,"To form a couple, they must have a successful <color=yellow>Date</color>."
tutorial_intro/say_2,Nesta versão Alfa a sua missão será: juntar \vsn[objective] casal em um período de 5 dias.,"In this Alpha version, your mission will be: form \vsn[objective] couple in a 5 day period."
tutorial_intro/say_3,Você por enquanto conhece e pode observar estes dois humanos. Perceba que o rapaz e a moça possuem 3 atributos.,"For now, you know and can observe these two humans. Note that the boy and the girl have 3 attributes."
tutorial_intro/say_4,"Os atributos são: <color=yellow><sprite=""Attributes"" index=0 tint>Valentia</color>, <color=#248BCF><sprite=""Attributes"" index=1 tint>Inteligência</color> e <color=red><sprite=""Attributes"" index=2 tint>Carisma</color>. Seus valores vão de 1 (Sofrível) até 10 (Sobrehumano).","The attributes are: <color=yellow><sprite=""Attributes"" index=0 tint>Guts</color>, <color=#248BCF><sprite=""Attributes"" index=1 tint>Intelligence</color> and <color=red><sprite=""Attributes"" index=2 tint>Charisma</color>. Their values ​​range from 1 (Awful) to 10 (Superhuman)."
tutorial_intro/say_5,"É interessante que seus humanos tenham valores altos nos atributos, que eles usarão para vencer os desafios que aparecem durante os <color=yellow>Encontros</color>.","It's desirable for your humans to have high attribute values, which they will use to overcome the challenges that appear during the <color=yellow>Dates</color>."
tutorial_intro/say_6,Você pode aumentar estes atributos através de treino ou itens equipados.,You can increase these attributes through training or equipping items.
tutorial_intro/say_7,Todo dia começa pela <color=yellow>Manhã</color>. Neste momento você pode escolher um dos seus humanos para acompanhar durante o dia.,"Every day begins in the <color=yellow>Morning</color>. At this point, you can choose one of your humans to monitor during the day."
tutorial_intro/say_8,Escolha um deles para continuarmos.,"Choose one of them, so we can continue."
tutorial_observation/say_0,Ao acompanhar um humano no seu dia-a-dia você pode ajudá-lo a decidir quais atividades ele vai fazer.,"By following a human's day-to-day life, you can help them decide what activities they will do."
tutorial_observation/say_1,"Certas atividades ajudam a <color=yellow>aumentar os atributos</color> do seu humano, enquanto outras fazem com que ele <color=yellow>conheça novas pessoas</color> para paquerar ou <color=yellow>ganhe itens</color>.","Some activities help <color=yellow>increase the attributes</color> of your human, while others make them <color=yellow>meet new people</color> to flirt or <color=yellow>earn items</color>."
tutorial_observation/say_2,"Os humanos gastam sua energia diária ao fazer estas atividades, então certifique-se de tomar boas decisões.","Humans spend their daily energy doing these activities, so make sure you make good decisions."
tutorial_shop/say_0,Aqui na <color=yellow>Loja</color> você pode comprar itens equipáveis que aprimoram os atributos dos seus humanos ou vender itens que nao queira mais.,Here at the <color=yellow>Shop</color> you can buy equipable items that enhance the attributes of your humans or sell items you do not want anymore.
tutorial_shop/say_1,"Para conseguir dinheiro, clique em <color=yellow>Fazer Bicos</color>.","To get money, click <color=yellow>Moonlight</color>."
date/success_message,Desafio superado!,Challenge overcome!
date/failure_message,Desafio não superado.,Challenge failed.
date/ball_a/say_0,Uma bola de futebol vem vindo em alta velocidade na direção de \boy e ele não percebeu!,A soccer ball is coming at a high speed in the direction of \boy and he did not notice!
date/ball_a/say_1,"\girl age rapidamente e dá um socão na bola, quando ela estava prestes a atingir o rosto do garoto!",\girl acts quickly and hits the ball as it is about to hit the boy's face!
date/ball_a/say_2,"\boy se assusta com o movimento, mas logo agradece.","\boy is startled by the movement, but then says ""thank you""."
date/ball_a/say_3,"Considerando a velocidade do vento, a massa e trajetória da bola, \girl faz complexos cálculos de física e grita ""\boy!"" na hora perfeita.","Considering the speed of the wind, the mass and trajectory of the ball, \girl makes complex physics calculations and shouts ""\boy!"" at the perfect time."
date/ball_a/say_4,O garoto se vira no momento exato e a bola passa raspando ao lado da sua cabeça.,The boy turns around at the exact moment and the ball rips past his head.
date/ball_a/say_5,\girl utiliza um olhar 43 furtivo para tentar convencer um transeunte a pular na trajetória da bola.,\girl makes a furtive glance to try to convince a passerby to jump on the ball's path.
date/ball_a/say_6,"Milagrosamente, funciona!","Miraculously, it works!"
date/ball_a/say_7,"\girl tenta dar um socão na bola para bloqueá-la, mas erra e acaba acertando o rosto de \boy.","\girl tries to hit the ball to block it, but she misses it and the ball ends up hitting the face of \boy."
date/ball_a/say_8,"Depois de levar um soco e uma bolada na cara, \boy parece não estar se sentindo muito bem.","After taking a punch and the ball hits his face, \boy does not seem to feel very well."
date/ball_a/say_9,"Considerando a velocidade do vento, a massa e trajetória da bola, \girl faz complexos cálculos de física e grita ""\boy!"" na hora perfeita.","Considering the speed of the wind, the mass and trajectory of the ball, \girl makes complex physics calculations and shouts ""\boy!"" at the perfect time."
date/ball_a/say_10,"Porém, \girl erra o cálculo por ter desconsiderado a resistência do ar e a bola acerta \boy em cheio.","However, \girl misses the calculation for having disregarded the air resistance and the ball hits \boy."
date/ball_a/say_11,\girl utiliza um olhar 43 furtivo para tentar convencer um transeunte a pular na trajetória da bola.,\girl makes a furtive glance to try to convince a passerby to jump on the ball's path.
date/ball_a/say_12,"Como era de se esperar, isto não funciona.","As expected, this does not work."
date/bully_a/char_name_0,Valentão,Bully
date/bully_a/say_0,"Um valentão do passado do garoto aparece, fazendo-o relembrar traumas de infância.","A bully from the boy's past appears, reminding him of childhood traumas."
date/bully_a/say_1,O valentão se surpreende por \boy estar saindo com uma garota. \girl fica irritada e o defende.,The bully is surprised by the fact that \boy is dating a girl. \girl gets angry and defends him.
date/bully_a/say_2,\girl não perde tempo e chuta o saco do valentão.,\girl wastes no time and kicks the bully's balls.
date/bully_a/say_3,"Que isso, mermão, tua namorada é forte!","What's that, bro? Your girlfriend is strong!"
date/bully_a/say_4,Ele sai mancando e gemendo. \boy fica aliviado.,He leaves limping and moaning. \boy is relieved.
date/bully_a/say_5,\girl faz uma exemplar argumentação lógica que prova sem sombra de dúvida que o valentão é um lixo humano e jamais obterá sucesso na vida.,\girl makes an exemplary logical argument that proves undoubtedly that the bully is a human wreckage and will never succeed in life.
date/bully_a/say_6,"Embasbacado, ele vai embora, com lágrimas nos olhos.","Baffled, he leaves, with tears in his eyes."
date/bully_a/say_7,"\girl concorda com o valentão e diz que prefere sair com ele, que vai embora satisfeito com o número de telefone dela.","\girl agrees with the bully and says she prefers going out with him, and he goes away satisfied for getting her phone number."
date/bully_a/say_8,"\boy se surpreende, mas \girl explica que deu o número errado só pra ele ir embora.","\boy is surprised, but \girl explains that she gave the wrong number just to get him to leave."
date/bully_a/say_9,"\girl fica com raiva e tenta agredir o valentão, mas é facilmente dominada.","\girl gets angry and tries to beat the bully, but she is easily subdued."
date/bully_a/say_10,Deixando sua namorada lutar por você? Fracote!,Letting your girlfriend fight for you? Weakling!
date/bully_a/say_11,O valentão vai embora rindo. \boy fica se achando um lixo.,The bully goes away laughing. \boy feels like trash.
date/bully_a/say_12,\girl tenta argumentar que o valentão não deve bater em \boy.,\girl tries to argue with the bully so he does not punch \boy.
date/bully_a/say_13,A escolha de palavras não é muito convincente. O valentão empurra \boy no chão e vai embora rindo.,The choice of words is not very convincing. The bully shoves \boy and walks away laughing.
date/bully_a/say_14,"\girl tenta apaziguar os ânimos, mas falha.","\girl tries to pacify the spirits, but she fails."
date/bully_a/say_15,O valentão derruba \boy e vai embora rindo.,The bully knocks \boy and walks away laughing.
date/bunny_a/say_0,"O casal encontra um coelhinho ferido, precisando de ajuda. A garota fica com pena e pede para \boy ajudá-lo.",The couple find a wounded bunny in need of help. The girl felt sorry for it and asks \boy to help it.
date/bunny_a/say_1,"REAJA, COELHO! Você é melhor do que este machucado!","REACT, BUNNY! You're better than this wound!"
date/bunny_a/say_2,LEVANTA!!!,GET UP!!!
date/bunny_a/say_3,"Surpreendentemente, o coelho se motiva o suficiente para voltar a andar. \girl fica muito surpresa.","Surprisingly, the rabbit is motivated enough to walk again. \girl is very surprised."
date/bunny_a/say_4,\boy improvisa uma atadura com materiais encontrados na trilha e rapidamente trata do animal.,\boy improvises a bandage with materials found on the trail and quickly treats the animal.
date/bunny_a/say_5,\girl fica feliz.,\girl gets happy.
date/bunny_a/say_6,"Carinhosa e cuidadosamente, \boy coloca o coelho em seus braços.","Affectionately and carefully, \boy takes the rabbit in his arms."
date/bunny_a/say_7,"Vamos levá-lo até um veterinário. Não se preocupe, amiguinho, você vai ficar bem.","Let's take it to a vet. Do not worry, buddy, you'll be fine."
date/bunny_a/say_8,\girl fica muito tocada.,\girl is very touched.
date/bunny_a/say_9,"REAJA, COELHO! Você é melhor do que este machucado!","REACT, BUNNY! You're better than this wound!"
date/bunny_a/say_10,LEVANTA!!!,GET UP!!!
date/bunny_a/say_11,"O coelho geme baixinho, sentindo muita dor. O discurso motivacional não parece ter surtido efeito. \girl acha que \boy é maluco.","The rabbit groans quietly, in pain. Motivational speech does not seem to have any effect. \girl thinks \boy is crazy."
date/bunny_a/say_12,"\boy tenta improvisar uma atadura com materiais encontrados na trilha, mas não consegue.","\boy tries to improvise a bandage with materials found on the track, but he does not manage."
date/bunny_a/say_13,\girl fica decepcionada.,\girl is disappointed.
date/bunny_a/say_14,"Carinhosa e cuidadosamente, \boy coloca o coelho em seus braços.","Affectionately and carefully, \boy takes the rabbit in his arms."
date/bunny_a/say_15,"Vamos levá-lo até um veterinário. Não se preocupe, amiguinho, você vai ficar bem.","Let's take him to a vet. Do not worry, buddy, you'll be fine."
date/bunny_a/say_16,"Infelizmente, \boy tropeça, caindo em cima do coelho. \girl fica horrorizada.","Unfortunately, \boy stumbles, falling on top of the rabbit. \girl is horrified."
date/call_a/char_name_0,Amiga,Friend
date/call_a/say_0,Uma amiga muito tagarela liga para \girl no meio do encontro.,A very talkative friend calls \girl in the middle of the date.
date/call_a/say_1,"\girl tenta desligar delicadamente, mas a amiga insiste.","\girl tries gently to hang up, but her friend insists."
date/call_a/say_2,\girl se enfurece e joga o celular no chão! O aparelho se estraçalha.,\girl gets mad and throws her cell phone on the floor! The appliance shatters.
date/call_a/say_3,"Um celular é substituível, mas um momento com você é sempre único.","A cell phone is replaceable, but a moment with you is always unique."
date/call_a/say_4,\boy fica estarrecido.,\boy is terrified.
date/call_a/say_5,Você sabia que falar no celular demais causa câncer?,Did you know that talking too much on the cell phone causes cancer?
date/call_a/say_6,"Caramba, sabia não!","Damn, I did not know!"
date/call_a/say_7,"De posse dessa informação assustadora, a amiga de \girl resolve desligar.","With this frightening information, the friend of \girl decides to hang up."
date/call_a/say_8,"Tchhh, tchhhh, estou entrando num túnel!","Tchhh, tchhhh, I'm entering a tunnel!"
date/call_a/say_9,"Após \girl aplicar esse velho truque, o casal está livre para conversar novamente!","After \girl applies this old trick, the couple is free to chat again!"
date/call_a/say_10,\girl se enfurece e joga o celular no chão! O aparelho se estraçalha.,\girl gets mad and throws her cell phone on the floor! The appliance shatters.
date/call_a/say_11,Porque você fez isso?,Why did you do that?
date/call_a/say_12,Eu... não sei.,I do not know.
date/call_a/say_13,\boy fica assustado.,\boy gets scared.
date/call_a/say_14,Você sabia que falar no celular demais causa câncer?,Did you know that talking too much on the cell phone causes cancer?
date/call_a/say_15,"Não, não sabia! Me conta mais sobre isso!","No, I did not know! Tell me more about it!"
date/call_a/say_16,\girl fica no celular por mais dez minutos. \boy fica muito entediada.,\girl stays on the phone for another ten minutes. \boy gets very bored.
date/call_a/say_17,"\girl, num momento de desespero, pergunta se a amiga não quer falar com \boy. Imediatamente ela percebe seu erro.","\girl, in a moment of desperation, asks if her friend does not want to talk to \boy. Immediately she realizes her mistake."
date/call_a/say_18,\boy fica no celular com a amiga de \girl por mais dez minutos.,\boy stays on the cell phone with the friend of \girl for another ten minutes.
date/call_a/say_19,Não foi uma experiência agradável.,It was not a pleasant experience.
date/clothing_a/say_0,Um vendaval extremamente localizado leva as calças de \boy embora!,An extremely localized windstorm takes the pants of \boy away!
date/clothing_a/say_1,\girl ainda não parece ter notado.,\girl still does not seem to notice.
date/clothing_a/say_2,"Sem hesitar, \boy tira também a camisa e faz rapidamente uma tanga.","Without hesitation, \boy takes off his shirt and quickly makes a thong."
date/clothing_a/say_3,A fantasia improvisada o faz parecer extremamente másculo!,The improvised costume makes him look extremely sexy!
date/clothing_a/say_4,\boy estava usando calças sobressalentes o tempo todo.,\boy was wearing spare pants all the time.
date/clothing_a/say_5,A crise foi resolvida antes mesmo de começar. Impressionante!,The crisis was resolved before it even started. Impressive!
date/clothing_a/say_6,\boy chama a atenção de \girl.,\boy catches the attention of \girl.
date/clothing_a/say_7,Gostou? É uma nova moda que eu inventei.,Did you like it? It's a new style I invented.
date/clothing_a/say_8,Até que não é ruim.,Not too bad.
date/clothing_a/say_9,Outros meninos escutam e começam a tirar as calças também.,Other boys listen and start taking off their pants as well.
date/clothing_a/say_10,"Sem hesitar, \boy tira também a camisa e faz rapidamente uma tanga.","Without hesitation, \boy takes off his shirt and quickly makes a thong."
date/clothing_a/say_11,A fantasia improvisada o faz parecer ridículo.,The improvised costume makes him look ridiculous.
date/clothing_a/say_12,"\boy fica tranquilo, pois sempre costuma colocar um par de calças sobressalentes antes de encontros.",\boy stays calm because he always wears a pair of spare pants before dates.
date/clothing_a/say_13,"Infelizmente, ele as havia esquecido em casa hoje. \girl fica horrorizada.","Unfortunately, he had forgotten them at home today. \girl gets horrified."
date/clothing_a/say_14,\boy chama a atenção de \girl.,\boy catches the attention of \girl.
date/clothing_a/say_15,Gostou? É uma nova moda que eu inventei.,Did you like it? It's a new style I invented.
date/clothing_a/say_16,"Aaaah, tarado!","Ew, you pervert!"
date/clothing_a/say_17,\girl sai correndo. \boy consegue um par extra de calças de transeuntes compadecidos de sua situação miserável.,\girl runs away. \boy gets an extra pair of pants from passers-by sympathetic to his miserable situation.
date/dad_a/char_name_0,Pai da \girl,Father of \girl
date/dad_a/say_0,"O pai de \girl aparece de surpresa. Ele é mal-encarado e parece muito exigente. Após olhar feio para \boy, ele pergunta:","The father of \girl shows up by surprise. He's got a sour grumpy face and looks very picky. After giving a hard look at \boy, he asks:"
date/dad_a/say_1,Quais são suas intenções com a minha filha?,What are your intentions with my daughter?
date/dad_a/say_2,"Meu objetivo com sua filha é fazer muitos filhos, senhor!","My goal with your daughter is to make many children, sir!"
date/dad_a/say_3,"Após um momento de deliberação, um sorriso se abre no rosto do pai.","After a moment of deliberation, a smile appears on her father's face."
date/dad_a/say_4,"Falou como um homem de verdade, meu futuro genro. Tem a minha benção!","You spoke like a real man, my future son-in-law. You have my blessing!"
date/dad_a/say_5,"Eu quero dar um futuro confortável para ela, senhor!","I want to give her a comfortable future, sir!"
date/dad_a/say_6,"Após um momento de deliberação, um sorriso se abre no rosto do pai.","After a moment of deliberation, a smile appears on her father's face."
date/dad_a/say_7,"Falou como um homem de verdade, meu futuro genro. Tem a minha benção!","You spoke like a real man, my future son-in-law. You have my blessing!"
date/dad_a/say_8,"Eu quero fazê-la muito feliz, senhor!","I want to make her very happy, sir!"
date/dad_a/say_9,"Após um momento de deliberação, um sorriso se abre no rosto do pai.","After a moment of deliberation, a smile appears on her father's face."
date/dad_a/say_10,"Falou como um homem de verdade, meu futuro genro. Tem a minha benção!","You spoke like a real man, my future son-in-law. You have my blessing!"
date/dad_a/say_11,"Meu objetivo com sua filha é fazer muitos filhos, senhor!","My goal with your daughter is to make many children, sir!"
date/dad_a/say_12,"Após um momento de deliberação, o senhor enche \boy de porrada.","After a moment of deliberation, the gentleman kicked his ass off."
date/dad_a/say_13,\girl se pergunta o que ele estava pensando...,\girl wondered what he was thinking...
date/dad_a/say_14,"Eu quero dar um futuro confortável para ela, senhor!","I want to give her a comfortable future, sir!"
date/dad_a/say_15,O senhor analisa \boy de cima a baixo.,The gentleman analyzes \boy from bottom to top.
date/dad_a/say_16,Você não parece o tipo de homem que vai ter sucesso na vida.,You do not look like the kind of man who will succeed in life.
date/dad_a/say_17,\girl fica decepcionada.,\girl gets disappointed.
date/dad_a/say_18,"Eu quero fazê-la muito feliz, senhor!","I want to make her very happy, sir!"
date/dad_a/say_19,O senhor analisa \boy de cima a baixo.,The gentleman analyzes \boy from bottom to top.
date/dad_a/say_20,Você não parece o tipo de homem que minha filha merece.,You do not look like the kind of man my daughter deserves.
date/dad_a/say_21,\girl fica decepcionada.,\girl gets disappointed.
date/discussion_a/say_0,"Olhando para o céu estrelado, \girl fica toda metafísica e começa a se perguntar:","Looking at the starry sky, \girl gets into metaphysics and begins to wonder:"
date/discussion_a/say_1,Qual o nosso lugar no universo? Qual o sentido da vida?,What is our place in the universe? What is the meaning of life?
date/discussion_a/say_2,Quem se importa com nosso lugar no universo? A vida se vive aqui e agora!,Who cares about our place in the universe? Life is lived here and now!
date/discussion_a/say_3,\girl fica impressionada com a coragem de \boy!,\girl gets impressed by the courage of \boy!
date/discussion_a/say_4,"Não precisamos procurar sentido na vida. Nós somos apenas grãos de poeira estelar vagando por um universo infinito, fruto de milhares e milhares de coincidências.","We do not have to look for meaning in life. We are just grains of stellar dust wandering through an infinite universe, the result of thousands upon thousands of coincidences."
date/discussion_a/say_5,\girl fica impressionada com a sabedoria de \boy!,\girl is impressed by the wisdom of \boy!
date/discussion_a/say_6,Meu lugar no universo é aqui com você.,My place in the universe is here with you.
date/discussion_a/say_7,\girl fica derretida com a declaração de \boy!,\girl melts like butter with the statement of \boy!
date/discussion_a/say_8,Filosofia é muito chato! Vamos fazer outra coisa?,Philosophy is very annoying! Let's do something else?
date/discussion_a/say_9,\girl fica decepcionada.,\girl gets disappointed.
date/discussion_a/say_10,"\boy tentar explicar suas opiniões sobre a vida, o universo e tudo mais, mas não possui eloquência o suficiente para tal.","\boy tries to explain his views on life, universe and everything else, but he does not have enough eloquence."
date/discussion_a/say_11,\girl esperava mais.,\girl hoped for more.
date/discussion_a/say_12,Meu lugar no universo é aqui com você.,My place in the universe is here with you.
date/discussion_a/say_13,\girl nota que \boy só falou aquilo da boca pra fora.,\girl notices that \boy is just paying lip service.
date/escalator_a/say_0,"Ao tentarem subir para o segundo andar, \boy dá um passo em falso e fica com o pé preso na escada rolante! Ele entra em pânico.","As they attempt to get to the second floor, \boy takes a wrong step and gets his foot caught in the escalator! He panics."
date/escalator_a/say_1,"\girl segura o braço de \boy com toda a força que pode. Ela puxa, e o pé do menino se desgruda.","\girl holds the arm of \boy as hard as she can. She pulls him, and his foot comes off."
date/escalator_a/say_2,Ele parece aliviado.,He looks relieved.
date/escalator_a/say_3,\girl habilmente faz a escada rolante entrar em ressonância com batidas na frequência perfeita.,\girl skillfully makes the escalator resonate with beats at the perfect frequency.
date/escalator_a/say_4,"A escada começa a tremer, o suficiente para \boy conseguir desprender o pé.","The stairs begin to shake, enough for \boy to get his foot off."
date/escalator_a/say_5,\boy fica impressionado e aliviado.,\boy is impressed and relieved.
date/escalator_a/say_6,"\girl, conciliadora, passa a mão na cabeça de \boy e diz que tudo ficará bem.","\girl, trying to calm him down, pats him on the head and says everything will be fine."
date/escalator_a/say_7,Ele relaxa e consegue desprender o pé. \boy fica aliviado.,He relaxes and gets his feet off. \boy gets relieved.
date/escalator_a/say_8,"\girl segura o braço de \boy com toda a força que pode. Ela puxa, porém acaba de desequilibrando e caindo.","\girl holds the arm of \boy as hard as she can. She pulls him, but ends up getting unbalanced and falling."
date/escalator_a/say_9,"Felizmente, a escada rolante desliga sozinha, impedindo que uma tragédia aconteça. O clima de encontro fica bem ruim.","Fortunately, the escalator turns itself off, preventing a tragedy from happening. The atmosphere between them is very bad."
date/escalator_a/say_10,"\girl olha ao redor, pensa muito, mas não consegue formular um plano.","\girl looks around, thinks a lot, but can not formulate a plan."
date/escalator_a/say_11,"Felizmente, a escada rolante desliga sozinha, impedindo que uma tragédia aconteça. O clima de encontro fica bem ruim.","Fortunately, the escalator turns itself off, preventing a tragedy from happening. The atmosphere between them is very bad."
date/escalator_a/say_12,"\girl, conciliadora, passa a mão na cabeça de \boy e diz que tudo ficará bem. Isso não é o suficiente para acalmar o rapaz, que começa a gritar de desespero.","\girl, trying to calm him down, pats him on the head and says everything will be fine. This is not enough to calm down the young man, who begins to scream in despair."
date/escalator_a/say_13,"Felizmente, a escada rolante desliga sozinha, impedindo que uma tragédia aconteça. O clima de encontro fica bem ruim.","Fortunately, the escalator turns itself off, preventing a tragedy from happening. The atmosphere between them is very bad."
date/open_jar_a/say_0,\girl compra um pote de algum doce e parece ter dificuldade pra abrir. \boy vai ajudá-la.,\girl buys a jar of some candy and seems to have trouble opening it. \boy will help her.
date/open_jar_a/say_1,"Usando um pouco de força, \boy abre o pote facilmente. O doce é muito gostoso.","Using a little force, \boy easily opens the jar. The candy is very yummy."
date/open_jar_a/say_2,"Ao ler a letrinha miúda, \boy consegue seguir as instruções, abrindo o pote na linha pontilhada. O doce é ótimo.","Reading the small print, \boy is able to follow the instructions, opening the jar on the dotted line. The candy is great."
date/open_jar_a/say_3,"\boy volta e fala com o vendedor, convencendo-o de que o pote está com algum defeito.","\boy goes back and talks to the seller, convincing him that the jar has some defect."
date/open_jar_a/say_4,"O vendedor se desculpa e devolve o dinheiro, além de um monte de outros doces!","The seller apologizes and returns the money, plus a lot of other sweets!"
date/open_jar_a/say_5,"\boy tenta abrir o pote e falha miseravelmente. Com raiva, ele usa força demais e acaba arrebentando o pote.","\boy tries to open the jar and fails miserably. Angry, he uses too much force and ends up breaking the jar."
date/open_jar_a/say_6,"\boy tenta entender como abrir o pote, porém as palavras complicadas e instruções confusas da embalagem tornam praticamente impossível abrir o negócio.","\boy tries to understand how to open the jar, but the complicated words and confusing instructions on the packaging make it virtually impossible to open it."
date/open_jar_a/say_7,"\boy volta e fala com o vendedor, o convencendo de que o pote está com algum defeito. O vendedor se enfurece e manda \boy ir catar coquinho.",\boy comes back and talks to the seller convincing him that the jar is defective. The salesman gets angry and tells \boy to go fly a kite.
date/photographer_a/char_name_0,???,???
date/photographer_a/char_name_1,Fotógrafo,Photographer
date/photographer_a/say_0,"Nossa, mas que casal irreverente! *FLASH* Que único! *FLASH*","Wow, what an irreverent couple! *FLASH* So unique! *FLASH*"
date/photographer_a/say_1,"Que curioso, curioso! Deem um sorriso para a câmera! *FLASH*",How curious! Smile to the camera! *FLASH*
date/photographer_a/say_2,"Depois de se recuperar da cegueira temporária, \girl se dá conta de que um fotógrafo está tirando fotos deles por alguma razão.","After recovering from temporary blindness, \girl realizes that a photographer is taking pictures of them for some reason."
date/photographer_a/say_3,Pode parar!,Stop!
date/photographer_a/say_4,\girl tampa a lente da câmera com a mão. O fotógrafo sai resmungando algo sobre censura.,\girl covers the camera lens with her hands. The photographer comes out muttering something about censorship.
date/photographer_a/say_5,\boy fica aliviado por poder enxergar novamente.,\boy is relieved to be able to see again.
date/photographer_a/say_6,\girl diz que tirar fotos de alguém sem consentimento é crime. O fotógrafo irritante vai embora.,\girl says taking pictures of someone without consent is a crime. The annoying photographer is gone.
date/photographer_a/say_7,\boy fica aliviado por poder enxergar novamente.,\boy is relieved to be able to see again.
date/photographer_a/say_8,"\girl começa a posar para as fotos, o que deixa o fotógrafo motivado a continuar.","\girl begins to pose for the photos, which motivates the photographer to continue."
date/photographer_a/say_9,"Isso aí! Linda, super linda!","That's right! Beautiful, super beautiful!"
date/photographer_a/say_10,\girl menciona o custo para o uso de seus direitos de imagem.,\girl mentions the price to use her image.
date/photographer_a/say_11,O fotógrafo sai correndo. \boy fica aliviado por poder enxergar novamente.,The photographer runs. \boy is relieved to be able to see again.
date/photographer_a/say_12,Pode parar!,Stop!
date/photographer_a/say_13,"\girl tenta tampar a lente da câmera com a mão. Ela erra o cálculo e acaba dando um tapão na câmera, que se espatifa no chão.",\girl tries to cover the camera lens with her hands. She makes a mistake and ends up dropping the camera on the floor.
date/photographer_a/say_14,"Ei, essa câmera custa uma fortuna! Exijo reembolso!","Hey, this camera costs a fortune! I demand refund!"
date/photographer_a/say_15,\boy e \girl saem do local com a promessa de receber uma conta salgada pelo correio.,\boy and \girl leave the place with the promise of receiving an expensive bill by mail.
date/photographer_a/say_16,"\girl tenta pensar em uma boa argumentação para impedir o homem de tirar fotos, mas nada surge na cabeça dela.","\girl tries to think of a good argument to stop the man from taking pictures, but she does not manage."
date/photographer_a/say_17,A saraivada de flashes continua por vários minutos. Não foi uma experiência agradável.,The flashing continues for several minutes. It was not a pleasant experience.
date/photographer_a/say_18,\girl começa a posar para as fotos.,\girl begins to pose for the photos.
date/photographer_a/say_19,"Não, não! O foco aqui é ele, minha filha!","No, no! I'm focusing on him!"
date/photographer_a/say_20,O fotógrafo aponta para \boy. A saraivada de flashes continua por vários minutos. Não foi uma experiência agradável.,The photographer points the camera to \boy. The flashing continues for several minutes. It was not a pleasant experience.
date/revelation_a/say_0,\boy nota que \girl está distraída e com o olhar vazio.,\boy notices that \girl is distracted and with a blank look.
date/revelation_a/say_1,"Conversando com ela, ele descobre que \girl está tendo problemas pessoais.","Talking to her, he finds out she is having personal problems."
date/revelation_a/say_2,\boy olha com determinação no fundo dos olhos de \girl e exclama:,\boy looks with determination into the eyes of \girl and says:
date/revelation_a/say_3,Vai dar tudo certo! Eu acredito em você!,Everything is gonna be all right! I believe in you!
date/revelation_a/say_4,\girl se sente motivada!,\girl feels motivated!
date/revelation_a/say_5,"\boy analisa os problemas de \girl, recomendando soluções.","\boy analyzes \girl's problems, offering solutions."
date/revelation_a/say_6,\girl admira a racionalidade de \boy. Tão pragmático!,\girl admires the rationality of \boy. So pragmatic!
date/revelation_a/say_7,\boy escuta compreensivamente enquanto \girl explica o que a aflige.,\boy listens sympathetically as \girl explains what distresses her.
date/revelation_a/say_8,"\girl agradece. Às vezes, as pessoas só precisam de um ombro amigo.",\girl thanks him. Sometimes people only need a friend.
date/revelation_a/say_9,\boy olha com determinação no fundo dos olhos de \girl e exclama:,\boy looks with determination into the eyes of \girl and says:
date/revelation_a/say_10,Vai dar tudo certo! Eu acredito em você!,Will be all right! I believe you!
date/revelation_a/say_11,Infelizmente nem todos os problemas se resolvem só com motivação.,Unfortunately not all problems are solved with motivation alone.
date/revelation_a/say_12,"\boy analisa os problemas de \girl, recomendando soluções.","\boy analyzes the problems of \girl, offering solutions."
date/revelation_a/say_13,\girl fica indignada.,\girl is outraged.
date/revelation_a/say_14,\boy escuta compreensivamente enquanto \girl explica o que a aflige.,\boy listens sympathetically as \girl explains what distresses her.
date/revelation_a/say_15,\girl ainda parece muito triste. Às vezes pessoas precisam de soluções práticas.,\girl still looks very sad. Sometimes people need practical solutions.
date/sale_a/say_0,Um tremor se espalha pelos corredores.,A tremor spreads through the corridors.
date/sale_a/say_1,"Milhares de humanos invadem o shopping, sedentos por produtos. É o dia da famosa promoção, a Black Buyday!","Thousands of humans invade the mall, thirsty for products. It's the day of the famous promotion: Black Buyday!"
date/sale_a/say_2,"\girl e \boy começam a correr por suas vidas, porém \boy é engolido pela multidão!",\girl and \boy begin to run for their lives. However \boy is swallowed up by the crowd!
date/sale_a/say_3,"\girl encara o bando de consumidores loucos, finca os pés no chão e estende os braços, num gesto ousado.","\girl stares at the bunch of crazy shoppers, puts her feet on the floor and throws her arms out in a daring gesture."
date/sale_a/say_4,CAI DENTRO!,FALLS WITHIN!
date/sale_a/say_5,A garota desafia a multidão para uma batalha!,The girl challenges the crowd to a battle!
date/sale_a/say_6,A aura de coragem de \girl é tão intensa que o exército de consumidores se dispersa.,The courage aura of \girl is so intense that the shoppers crowd gets dispersed.
date/sale_a/say_7,\boy fica surpreso com a valentia da garota e a agradece por ter salvo sua vida.,\boy gets surprised by the girl's guts and thanks her for saving his life.
date/sale_a/say_8,\girl se vira para a multidão ensandecida e grita:,\girl turns to the mad crowd and shouts:
date/sale_a/say_9,A BLACK BUYDAY É UMA FRAUDE!,BLACK BUYDAY IS A FRAUD!
date/sale_a/say_10,"Os humanos param, surpreendidos. \girl engata em um discurso sobre o consumismo e a exploração da classe operária.","The humans stop, surprised. \girl engages in a speech on consumerism and exploitation of the working class."
date/sale_a/say_11,"A multidão se dispersa, arrependida por cair na armadilha da burguesia. \boy fica surpreso com a inteligência de \girl e a agradece por ter salvo sua vida.","The crowd disperses, repentant for falling into the trap of the bourgeoisie. \boy gets surprised by the intelligence of \girl and thanks her for saving his life."
date/sale_a/say_12,\girl tenta usar suas habilidades de atuação para criar uma distração.,\girl tries to use her acting skills to create a distraction.
date/sale_a/say_13,"Socorro, eu torci meu tornozelo!","Help, I twisted my ankle!"
date/sale_a/say_14,"Imediatamente, vários homens da multidão se prontificam para ajudá-la, dispersando a multidão! Graças a \girl, \boy consegue se desvencilhar.","Immediately, several men from the crowd volunteer to help her, scattering the crowd! Thanks to \girl, \boy gets away with it."
date/sale_a/say_15,"\girl encara o bando de consumidores loucos, finca os pés no chão e estende os braços, num gesto ousado.","\girl stares at the bunch of crazy shoppers, puts her feet on the floor and throws her arms out in a daring gesture."
date/sale_a/say_16,"Infelizmente, \girl amarela e desiste de enfrentar a multidão para salvar \boy. O garoto é pisoteado por vários minutos.","Unfortunately, \girl chickens out and gives up facing the crowd to save \boy. The boy is trampled for several minutes."
date/sale_a/say_17,\girl se vira para a multidão ensandecida e grita:,\girl turns to the mad crowd and shouts:
date/sale_a/say_18,A BLACK BUYDAY É UMA FRAUDE!,BLACK BUYDAY IS A FRAUD!
date/sale_a/say_19,"Os humanos param, surpreendidos. \girl tenta continuar, pensando no porquê. Porém, nada surge em sua cabeça.","The humans stop, surprised. \girl tries to continue thinking about why. But nothing comes to mind."
date/sale_a/say_20,Os humanos a ignoram e continuam sua marcha pelo shopping. \boy é pisoteado por vários minutos.,The humans ignore her and continue their march through the mall. \boy is trampled for several minutes.
date/sale_a/say_21,\girl tenta usar suas habilidades de atuação para criar uma distração.,\girl tries to use her acting skills to create a distraction.
date/sale_a/say_22,"Socorro, eu torci meu tornozelo!","Help, I twisted my ankle!"
date/sale_a/say_23,"Infelizmente, \girl não é charmosa o suficiente e é sumariamente ignorada. \boy é pisoteado por vários minutos.","Unfortunately, \girl is not charming enough and is summarily ignored. \boy is trampled for several minutes."
date/vending_a/char_name_0,Máquina de Venda,Vending Machine
date/vending_a/say_0,\girl fica com fome e compra um pacote de salgadinhos numa máquina de venda de alimentos.,\girl gets hungry and buys a pack of snacks from a vending machine.
date/vending_a/say_1,"Infelizmente o pacote fica preso e não cai na gavetinha de retirada. Frustrada, a garota pede ajuda para \boy.","Unfortunately, the package gets stuck and does not fall into the pullout drawer. Frustrated, the girl asks \boy for help."
date/vending_a/say_2,\boy agarra a máquina pelos lados e surpreende a todos dando um suplex nela.,\boy grabs the machine and surprises everyone by giving it a suplex.
date/vending_a/say_3,"O salgadinho se desprende e \girl consegue alcançá-lo. Levemente chocada, mas bem alimentada, ela agradece a atitude do rapaz.","The snack comes off and \girl is able to catch up. Slightly shocked, but well-fed, she appreciates the boy's attitude."
date/vending_a/say_4,O garoto saca um teclado portátil e começa a digitar rapidamente códigos misteriosos.,The boy pulls out a portable keyboard and begins typing mysterious codes quickly.
date/vending_a/say_5,"Poucos segundos depois, a máquina ejeta o salgadinho nas mãos da garota e fala, com uma voz robótica:","A few seconds later, the machine ejects the snack and speaks in a robotic voice:"
date/vending_a/say_6,"Desculpe o incômodo e tenha um bom lanche, senhorita!","Sorry to bother you and have a good snack, miss!"
date/vending_a/say_7,"\boy percebe que há uma pessoa na fila, logo atrás deles.","\boy notices there's a person in line, right behind them."
date/vending_a/say_8,Ele conversa com a pessoa e a convence a pedir um refrigerante que fica exposto logo acima do salgadinho enganchado.,He talks to the person and persuades her to ask for a soda that is exposed just above the hooked snack.
date/vending_a/say_9,"A pessoa consente e a máquina derruba o refrigerante, que derruba o salgadinho na bandeja abaixo. O casal reavê o salgadinho e lancha feliz.","The person consents and the machine drops the soda, which knocks the snack in the tray. The couple recover the snack and eat it, very happy."
date/vending_a/say_10,"\boy tenta sacudir a máquina para derrubar o salgadinho, mas não consegue.","\boy tries to shake the machine to knock down the snack, but he does not manage."
date/vending_a/say_11,"Ele se enfurece e começa a gritar e dar socos e pontapés na máquina, mas ela não se mexe nem um milímetro.","He gets angry and starts yelling and punching and kicking the machine, but it does not move a millimeter."
date/vending_a/say_12,\girl olha pra ele levemente decepcionada e envergonhada.,\girl looks at him slightly disappointed and embarrassed.
date/vending_a/say_13,O garoto saca um teclado portátil e começa a digitar rapidamente códigos para hackear a máquina.,The boy pulls out a portable keyboard and starts typing codes quickly to hack the machine.
date/vending_a/say_14,"Aparentemente ele erra em algum detalhe, pois a máquina pára de funcionar e desliga completamente.",Apparently he misses some detail because the machine stops working and shuts off completely.
date/vending_a/say_15,Parece que agora ninguém mais vai poder lanchar naquela máquina.,It seems that now no one else will be able to get snacks from that machine.
date/vending_a/say_16,"\boy percebe que há uma pessoa na fila, logo atrás deles.","\boy notices there's a person in line, right behind them."
date/vending_a/say_17,Ele conversa com a pessoa e tenta convencê-la a pedir um refrigerante que fica exposto logo acima do salgadinho enganchado.,He talks to the person and tries to persuade her to ask for a soda that is exposed just above the hooked snack.
date/vending_a/say_18,A pessoa se irrita com o garoto tentando sugestioná-la e manda \boy para um lugar não muito agradável.,The person gets annoyed with the boy trying to persuade her and tells \boy to go to… not a very nice place.
date/vending_a/say_19,\girl fica decepcionada.,\girl is disappointed.
date/vendor_a/char_name_0,Vendedores,Sellers
date/vendor_a/say_0,Dois vendedores uniformizados saem de uma das lojas e se aproximam de \boy.,Two salesmen in uniforms come out of one of the stores and approach \boy.
date/vendor_a/say_1,"Com licença, senhor, já possui o cartão de nossa loja?","Excuse me, sir, do you already have our store's customer card?"
date/vendor_a/say_2,"\boy diz que não está interessado, mas os sujeitos insistem.","\boy says he's not interested, but the sellers insist."
date/vendor_a/say_3,\boy se irrita com os vendedores.,\boy gets annoyed with the salesmen.
date/vendor_a/say_4,Porque vocês se sujeitam a um trabalho como esse? Parem de incomodar os transeuntes! Vocês deveriam acreditar no seu potencial! Agarrem o mundo pelos chifres!,Why do you submit to a job like that? Stop bothering passers-by! You should believe in your potential! Grab the world by the tail!
date/vendor_a/say_5,"Após uma breve pausa, os vendedores começam a chorar.","After a brief pause, the salesmen start to cry."
date/vendor_a/say_6,\girl e o vendedores ficam emocionados com a determinação de \boy.,\girl and the salesmen are thrilled with the determination of \boy.
date/vendor_a/say_7,\boy tenta argumentar com os vendedores.,\boy tries to argue with the sellers.
date/vendor_a/say_8,Fazer esse cartão não parece um bom negócio.,Request that card does not look like a good deal.
date/vendor_a/say_9,"Ele analisa friamente as taxas de juros, a anuidade e a atual conjuntura econômica, convencendo os vendedores de que ter o cartão é uma péssima ideia.","He coldly analyzes interest rates, annuity and the current economic climate, convincing sellers that having the card is a bad idea."
date/vendor_a/say_10,Os vendedores ficam confusos e pedem desculpas.,The salesmen get confused and apologize.
date/vendor_a/say_11,\girl fica impressionada com os conhecimentos de \boy!,\girl is impressed by the knowledge of \boy!
date/vendor_a/say_12,\boy tenta ludibriar os vendedores.,\boy tries to fool the sellers.
date/vendor_a/say_13,"Ah, este cartão? Eu já tenho!","Oh, this card? I already have it!"
date/vendor_a/say_14,Os vendedores ficam desconfiados.,The salesmen are distrustful.
date/vendor_a/say_15,Tem mesmo?,Do you?
date/vendor_a/say_16,Tenho! É muito bom! Melhor cartão que tem! Adoro ele.,I have it! It's very good! Best card ever! I love it.
date/vendor_a/say_17,Os vendedores parecem satisfeitos e deixam o casal ir embora.,The salesmen look pleased and let the couple go.
date/vendor_a/say_18,\boy se irrita com os vendedores.,\boy gets annoyed with the salesmen.
date/vendor_a/say_19,"Não tenho, não quero ter e vocês não vão me obrigar!","I do not have it, I do not want to have it and you will not make me have it!"
date/vendor_a/say_20,\boy arregaça as mangas da camisa em um gesto intimidador.,\boy rolls up his shirt sleeves in an intimidating gesture.
date/vendor_a/say_21,"Um dos vendedores responde rasgando a camisa, revelando músculos de aço.","One of the salesmen responds by tearing his shirt, revealing steel muscles."
date/vendor_a/say_22,"\boy imediatamente fornece nome, sobrenome, telefone e endereço.","\boy immediately provides his name, surname, phone number and address."
date/vendor_a/say_23,"Obrigado pela atenção, senhor, seu cartão chegará em 15 dias úteis, tenha um bom dia!","Thank you for your attention, sir. Your card is going to arrive in 15 business days. Have a nice day!"
date/vendor_a/say_24,\boy fica se achando um covarde.,\boy feels like a coward.
date/vendor_a/say_25,\boy tenta argumentar com os vendedores.,\boy tries to argue with the sellers.
date/vendor_a/say_26,"Veja bem, apesar, o c-cartão não é adequado, em que pese, considerando a t-t-t-taxa de juros e...","Look, the c-card is not suitable, in that regard, considering the i-i-i-interest rate and..."
date/vendor_a/say_27,"A vergonhosa tentativa de argumentação continua por alguns minutos. Ao final, sem perceber, \boy deu todos os dados necessários para a requisição do cartão.","The shameful attempt at argumentation continues for a few minutes. At the end, without realizing it, \boy gave all the data needed to request the card."
date/vendor_a/say_28,\girl fica indignada.,\girl is outraged.
date/vendor_a/say_29,\boy tenta ludibriar os vendedores.,\boy tries to fool the sellers.
date/vendor_a/say_30,"Ah, este cartão? Eu já tenho!","Oh, this card? I already have it!"
date/vendor_a/say_31,Os vendedores ficam desconfiados.,The salesmen are distrustful.
date/vendor_a/say_32,Tem mesmo?,Do you?
date/vendor_a/say_33,Tenho!,I have it!
date/vendor_a/say_34,TEM NÃO!,YOU DO NOT HAVE IT!
date/vendor_a/say_35,TENHO SIM!,I DO HAVE IT!
date/vendor_a/say_36,"\boy e os vendedores continuam discutindo por vários minutos, perdendo um tempo precioso.","\boy and the salesmen keep arguing for several minutes, wasting their precious time."
date/vendor_a/say_37,\girl toma um chá de cadeira.,\girl feels like a wallflower.
observation/angry_dog/say_0,"\observedPerson escuta latidos em uma parte da trilha. Um cachorro grande avança, lenta e ameaçadoramente, na direção de um garoto. É \encounterPerson.","\observedPerson listens barks on a part of the trail. A big dog steps forward, slowly and menacingly, toward a boy. It's \encounterPerson."
observation/angry_dog/say_1,"\observedPerson se aproxima com cuidado, e tenta resolver a situação acalmando o animal.","\observedPerson approaches carefully, and tries to solve the situation by calming the animal."
observation/angry_dog/say_2,"\observedPerson acalma o cachorro, que só estava assustado. O menino agradece.","\observedPerson calms the dog, who was only frightened. The boy says ""thank you""."
observation/angry_dog/say_3,"O cachorro não vai muito com a cara de \observedPerson. No momento em que ela se aproxima, o cão rosna e avança na direção dela. Ela sai de fininho.","The dog does not get along with \observedPerson. As she approaches, the dog growls and advances toward her. She gets out of the way."
observation/charming1/say_0,"Passando pela trilha, \observedPerson avista \encounterPerson sentada em um banquinho. Ela parece solitária.","Passing through the trail, \observedPerson spots \encounterPerson sitting on a stool. She seems lonely."
observation/charming1/say_1,\observedPerson decide se aproximar. A menina parece receptiva.,\observedPerson decides to approach. The girl seems receptive.
observation/charming1/say_2,\observedPerson não se importa muito e continua tranquilamente seguindo seu caminho.,\observedPerson does not care much and continues quietly on his way.
observation/drama_school/say_0,"\observedPerson vai para a sua aula de teatro. Lá ele passa várias horas praticando sua postura, expressão corporal e desenvoltura.","\observedPerson goes to his theater class. There he spends several hours practicing his posture, body expression and resourcefulness."
observation/drama_school/say_1,"\observedPerson aumentou seu <color=#A80218><sprite=""Attributes"" index=2 tint>Carisma</color> em 1 ponto! (Novo valor: \charisma)!","\observedPerson's <color=#A80218><sprite=""Attributes"" index=2 tint>Charisma</color> raised by 1 point! (New value: \charisma)!"
observation/gutsy1/say_0,"\observedPerson encontra \encounterPerson. Ela está preocupada, olhando para o seu gato que está preso no topo de uma alta árvore.","\observedPerson finds \encounterPerson. She is worried, looking at her cat that is stuck on top of a tall tree."
observation/gutsy1/say_1,"\observedPerson age com <color=#B27535><sprite=""Attributes"" index=0 tint>Valentia</color> e rapidamente sobe na árvore para resgatar a gata.","\observedPerson acts with <color=#B27535><sprite=""Attributes"" index=0 tint>Guts</color> and quickly climbs the tree to rescue the cat."
observation/gutsy1/say_2,"A gata fica com medo e faz vários arranhões no rosto do garoto, mas mesmo assim o resgate é bem-sucedido.","The cat gets scared and makes several scratches on the boy's face, but even so the rescue is successful."
observation/gutsy1/say_3,"\observedPerson tenta subir a árvore para ajudar, mas quando olha pra baixo fica com medo, se desequilibra e cai sobre \encounterPerson.","\observedPerson tries to climb up the tree to help, but when he looks down he gets scared, gets unbalanced and falls on \encounterPerson."
observation/gutsy1/say_4,"A garota fica com raiva dele e diz que se era pra atrapalhar, seria melhor nem ter tentado ajudar.","The girl gets mad at him and says that if it was to mess up, it would have been better not to have tried to help."
observation/gym/say_0,"\observedPerson vai para a academia. Ele passa várias horas praticando exercícios, aumentando sua força física e disposição.","\observedPerson goes to the gym. He spends several hours exercising, increasing his body strength and stamina."
observation/gym/say_1,"\observedPerson aumentou sua <color=#B27535><sprite=""Attributes"" index=0 tint>Valentia</color> em 1 ponto! (Novo valor: \guts)","\observedPerson's <color=#B27535><sprite=""Attributes"" index=0 tint>Guts</color> raised by 1 point! (New value: \guts)!"
observation/intelligent1/say_0,\observedPerson observa uma menina estudando. É \encounterPerson. Ela coça a cabeça e parece em dúvida. Deve ser uma tarefa difícil.,\observedPerson observes a girl studying. It's \encounterPerson. She scratches her head and looks doubtful. It must be a difficult exercise.
observation/intelligent1/say_1,A menina pede ajuda para a primeira pessoa que vê.,The girl asks for help for the first person that shows up.
observation/intelligent1/say_2,\observedPerson olha para a tarefa e a resolve em alguns minutos. A menina agradece!,"\observedPerson looks at the execise and answers it in a few minutes. The girl says ""thank you""!"
observation/intelligent1/say_3,\observedPerson olha para a tarefa e não tem a menor ideia de como resolver. O menino pede desculpas e volta pro seu lugar.,\observedPerson looks at the exercise and has no idea how to answer it. The boy apologizes and returns to his place.
observation/library/say_0,\observedPerson vai para a biblioteca da cidade. Lá ele passa várias horas lendo livros de temas interessantes e variados.,\observedPerson goes to the city library. There he spends several hours reading books of interesting and varied subjects.
observation/library/say_1,"\observedPerson aumentou sua <color=#248BCF><sprite=""Attributes"" index=1 tint>Inteligência</color> em 1 ponto! (Novo valor: \intelligence)!","\observedPerson's <color=#248BCF><sprite=""Attributes"" index=1 tint>Intelligence</color> raised by 1 point! (New value: \intelligence)!"
observation/lost_boy/say_0,"\observedPerson vê um menino parado em uma esquina, olhando para as placas como se procurasse algo, indeciso. É \encounterPerson.","\observedPerson sees a boy standing on the corner, staring at the signs as if looking for something, indecisive. It's \encounterPerson."
observation/lost_boy/say_1,"O menino olha para \observedPerson, e pede informações sobre como chegar em um lugar.",The boy looks at \observedPerson and asks for information on how to get to a place.
observation/lost_boy/say_2,"\observedPerson sabe onde é, e se oferece para levá-lo até lá. O menino agradece.","\observedPerson knows where it is, and offers to take him there. The boy says ""thanks""."
observation/lost_boy/say_3,"\observedPerson pensa bastante, mas não consegue lembrar onde é. Ela se desculpa e segue seu caminho.","\observedPerson thinks a lot, but she can not remember where it is. She apologizes and goes her way."
observation/run_into_boy/say_0,"\observedPerson está caminhando distraída. Subitamente, a menina ouve barulho de passos apressados virando o corredor.","\observedPerson is walking distracted. Suddenly, the girl hears footsteps hurrying down the hall."
observation/run_into_boy/say_1,"Antes que ela pudesse reagir, BAM! \encounterPerson colide com ela! Ele parece bem, mas \observedPerson recebeu todo o tranco e está um pouco tonta.","Before she could react, BAM! \encounterPerson collides with her! He seems fine, but \observedPerson got all the impact and is a little dizzy."
observation/run_into_boy/say_2,"\observedPerson se recupera em meio a diversos pedidos de desculpas do menino. Felizmente, ela está bem!","\observedPerson recovers while the boy apologizes repeatedly. Fortunately, she's fine!"
observation/run_into_boy/say_3,"\observedPerson desmaia. Ela acorda na enfermaria alguns minutos depois, sem entender muito bem o que aconteceu.","\observedPerson faints. She wakes up in the infirmary a few minutes later, not quite understanding what had happened."